{"cameraMode":{"drawMode":2,"name":"Shaded Wireframe","section":"Shading Mode"},"sceneLighting":false,"audioPlay":false,"sceneViewState":{"showFog":true,"showMaterialUpdate":false,"showSkybox":true,"showFlares":true,"showImageEffects":true,"showParticleSystems":true},"in2DMode":false,"pivot":{"x":-0.031110484153032304,"y":1.7201029062271119,"z":-1.3246930837631226},"rotation":{"x":-0.00045984171447344124,"y":-0.9963325262069702,"z":0.08539550006389618,"w":-0.005370052065700293},"size":9.469042778015137,"orthographic":false}