{"cameraMode":{"drawMode":0,"name":"Shaded","section":"Shading Mode"},"sceneLighting":false,"audioPlay":false,"sceneViewState":{"showFog":true,"showMaterialUpdate":false,"showSkybox":true,"showFlares":true,"showImageEffects":true,"showParticleSystems":true},"in2DMode":false,"pivot":{"x":0.6675475835800171,"y":0.8409489393234253,"z":-0.8087214231491089},"rotation":{"x":0.2386571317911148,"y":0.37918877601623537,"z":-0.10188856720924378,"w":0.8881877064704895},"size":8.85257339477539,"orthographic":false}