{"cameraMode":{"drawMode":0,"name":"Shaded","section":"Shading Mode"},"sceneLighting":false,"audioPlay":false,"sceneViewState":{"showFog":true,"showMaterialUpdate":false,"showSkybox":true,"showFlares":true,"showImageEffects":true,"showParticleSystems":true},"in2DMode":false,"pivot":{"x":-0.4082089364528656,"y":1.194984793663025,"z":0.1400734782218933},"rotation":{"x":0.21401230990886689,"y":0.33342552185058596,"z":-0.07799956947565079,"w":0.9148454666137695},"size":1.9283411502838135,"orthographic":false}